"","FDT_STA_ID","Year","Sample n","SPG codes","SPG codes First","IR2022 Sample n","IR2024 Sample n","IR2026 Sample n","IR2028 Sample n","IR24Temp","IR24pH","IR24DO","IR24SpC","IR26Temp","IR26pH","IR26DO","IR26SpC","IR28Temp","IR28pH","IR28DO","IR28SpC","flag"
"1","2-BKW000.40",2021,16,"TM | FP","TM",NA,24,24,24,91.6666666666667,91.6666666666667,91.6666666666667,45.8333333333333,91.6666666666667,91.6666666666667,91.6666666666667,91.6666666666667,91.6666666666667,91.6666666666667,91.6666666666667,91.6666666666667,"FLAG"
"2","2-BKW000.40",2022,8,"TM","TM",NA,24,24,24,91.6666666666667,91.6666666666667,91.6666666666667,45.8333333333333,91.6666666666667,91.6666666666667,91.6666666666667,91.6666666666667,91.6666666666667,91.6666666666667,91.6666666666667,91.6666666666667,"FLAG"
"3","2-BKW004.87",2021,4,"RB","RB",NA,6,6,6,100,100,100,50,100,100,100,100,100,100,100,100,"FLAG"
"4","2-BKW004.87",2022,2,"RB","RB",NA,6,6,6,100,100,100,50,100,100,100,100,100,100,100,100,"FLAG"
"5","2-BKW005.95",2021,12,"TM","TM",NA,20,20,20,90,90,90,45,90,90,90,90,90,90,90,90,"FLAG"
"6","2-BKW005.95",2022,8,"TM","TM",NA,20,20,20,90,90,90,45,90,90,90,90,90,90,90,90,"FLAG"
"7","2-BSB000.20",2021,4,"RB","RB",NA,4,4,4,100,100,100,50,100,100,100,100,100,100,100,100,"FLAG"
"8","2-BUF002.10",2021,12,"TR","TR",NA,20,20,20,90,90,90,45,90,90,90,90,90,90,90,90,"FLAG"
"9","2-BUF002.10",2022,8,"TR","TR",NA,20,20,20,90,90,90,45,90,90,90,90,90,90,90,90,"FLAG"
"10","2-BUN000.04",2021,4,"RB","RB",NA,6,6,6,100,100,100,50,100,100,100,100,100,100,100,100,"FLAG"
"11","2-BUN000.04",2022,2,"RB","RB",NA,6,6,6,100,100,100,50,100,100,100,100,100,100,100,100,"FLAG"
"12","2-BUN001.64",2021,12,"TM","TM",NA,18,18,18,100,100,100,50,100,100,100,100,100,100,100,100,"FLAG"
"13","2-BUN001.64",2022,6,"TM","TM",NA,18,18,18,100,100,100,50,100,100,100,100,100,100,100,100,"FLAG"
"14","2-CRG001.20",2021,12,"TR","TR",NA,18,18,18,100,100,100,50,100,100,100,100,100,100,100,100,"FLAG"
"15","2-CRG001.20",2022,6,"TR","TR",NA,18,18,18,100,100,100,50,100,100,100,100,100,100,100,100,"FLAG"
"16","2-CRG016.90",2022,9,"AW","AW",NA,9,9,9,100,100,100,55.5555555555556,100,100,100,100,100,100,100,100,"FLAG"
"17","2-CRG074.47",2021,24,"AW","AW",NA,24,24,24,100,100,91.6666666666667,50,100,100,100,100,100,100,100,100,"FLAG"
"18","2-CVC000.88",2022,8,"AW","AW",NA,8,8,8,100,100,100,50,100,100,100,100,100,100,100,100,"FLAG"
"19","2-CWP002.58",2021,12,"TR","TR",NA,18,18,18,88.8888888888889,88.8888888888889,88.8888888888889,44.4444444444444,88.8888888888889,88.8888888888889,88.8888888888889,88.8888888888889,88.8888888888889,88.8888888888889,88.8888888888889,88.8888888888889,"FLAG"
"20","2-CWP002.58",2022,6,"TR","TR",NA,18,18,18,88.8888888888889,88.8888888888889,88.8888888888889,44.4444444444444,88.8888888888889,88.8888888888889,88.8888888888889,88.8888888888889,88.8888888888889,88.8888888888889,88.8888888888889,88.8888888888889,"FLAG"
"21","2-DCK003.94",2021,6,"FP","FP",NA,6,6,6,66.6666666666667,66.6666666666667,66.6666666666667,33.3333333333333,66.6666666666667,66.6666666666667,66.6666666666667,66.6666666666667,66.6666666666667,66.6666666666667,66.6666666666667,66.6666666666667,"FLAG"
"22","2-DNP001.98",2021,12,"TR","TR",NA,18,18,18,100,100,100,50,100,100,100,100,100,100,100,100,"FLAG"
"23","2-DNP001.98",2022,6,"TR","TR",NA,18,18,18,100,100,100,50,100,100,100,100,100,100,100,100,"FLAG"
"24","2-DVD000.23",2021,26,"AW","AW",NA,26,26,26,92.3076923076923,92.3076923076923,92.3076923076923,46.1538461538462,92.3076923076923,92.3076923076923,92.3076923076923,92.3076923076923,92.3076923076923,92.3076923076923,92.3076923076923,92.3076923076923,"FLAG"
"25","2-HAM000.37",2022,4,"FP","FP",NA,4,4,4,50,50,50,25,50,50,50,50,50,50,50,50,"FLAG"
"26","2-HUO005.87",2021,4,"RB","RB",NA,4,4,4,100,100,100,50,100,100,100,100,100,100,100,100,"FLAG"
"27","2-IVA000.05",2021,4,"RB","RB",NA,6,6,6,100,100,100,50,100,100,100,100,100,100,100,100,"FLAG"
"28","2-IVA000.05",2022,2,"FP","FP",NA,6,6,6,100,100,100,50,100,100,100,100,100,100,100,100,"FLAG"
"29","2-IVA005.75",2021,16,"TM | RB","TM",NA,26,26,26,92.3076923076923,92.3076923076923,92.3076923076923,46.1538461538462,92.3076923076923,92.3076923076923,92.3076923076923,92.3076923076923,92.3076923076923,92.3076923076923,92.3076923076923,92.3076923076923,"FLAG"
"30","2-IVA005.75",2022,10,"TM | RB","TM",NA,26,26,26,92.3076923076923,92.3076923076923,92.3076923076923,46.1538461538462,92.3076923076923,92.3076923076923,92.3076923076923,92.3076923076923,92.3076923076923,92.3076923076923,92.3076923076923,92.3076923076923,"FLAG"
"31","2-IVA012.13",2021,16,"TM | RB","TM",NA,26,26,26,92.3076923076923,92.3076923076923,92.3076923076923,46.1538461538462,92.3076923076923,92.3076923076923,92.3076923076923,92.3076923076923,92.3076923076923,92.3076923076923,92.3076923076923,92.3076923076923,"FLAG"
"32","2-IVA012.13",2022,10,"TM | RB","TM",NA,26,26,26,92.3076923076923,92.3076923076923,92.3076923076923,46.1538461538462,92.3076923076923,92.3076923076923,92.3076923076923,92.3076923076923,92.3076923076923,92.3076923076923,92.3076923076923,92.3076923076923,"FLAG"
"33","2-JKS000.38",2021,12,"TR","TR",NA,18,18,18,100,100,100,50,100,100,100,100,100,100,100,100,"FLAG"
"34","2-JKS000.38",2022,6,"TR","TR",NA,18,18,18,100,100,100,50,100,100,100,100,100,100,100,100,"FLAG"
"35","2-JKS006.67",2021,12,"AW | RB","AW",NA,12,12,12,100,100,100,50,100,100,100,100,100,100,100,100,"FLAG"
"36","2-JKS013.29",2021,12,"AW | RB","AW",NA,12,12,12,100,100,100,50,100,100,100,100,100,100,100,100,"FLAG"
"37","2-JKS015.60",2021,6,"TM","TM",NA,6,6,6,100,33.3333333333333,100,50,100,100,100,100,100,100,100,100,"FLAG"
"38","2-JKS018.68",2021,30,"TM | AW | TR | RB","TM",NA,36,36,36,100,88.8888888888889,100,50,100,100,100,100,100,100,100,100,"FLAG"
"39","2-JKS018.68",2022,6,"TR","TR",NA,36,36,36,100,88.8888888888889,100,50,100,100,100,100,100,100,100,100,"FLAG"
"40","2-JKS021.09",2021,6,"TM","TM",NA,6,6,6,100,33.3333333333333,100,50,100,100,100,100,100,100,100,100,"FLAG"
"41","2-JKS022.15",2021,6,"TM","TM",NA,6,6,6,100,33.3333333333333,100,50,100,100,100,100,100,100,100,100,"FLAG"
"42","2-JKS022.78",2021,6,"TM","TM",NA,6,6,6,100,33.3333333333333,100,50,100,100,100,100,100,100,100,100,"FLAG"
"43","2-JKS023.61",2021,30,"TM | AW | TR","TM",NA,36,36,36,94.4444444444444,83.3333333333333,94.4444444444444,47.2222222222222,94.4444444444444,94.4444444444444,94.4444444444444,94.4444444444444,94.4444444444444,94.4444444444444,94.4444444444444,94.4444444444444,"FLAG"
"44","2-JKS023.61",2022,6,"TR","TR",NA,36,36,36,94.4444444444444,83.3333333333333,94.4444444444444,47.2222222222222,94.4444444444444,94.4444444444444,94.4444444444444,94.4444444444444,94.4444444444444,94.4444444444444,94.4444444444444,94.4444444444444,"FLAG"
"45","2-JKS026.01",2021,16,"TM | AW","TM",NA,16,16,16,100,75,100,50,100,100,100,100,100,100,100,100,"FLAG"
"46","2-JKS028.69",2021,28,"AW | FP | RB","AW",NA,28,28,28,85.7142857142857,85.7142857142857,85.7142857142857,42.8571428571429,85.7142857142857,85.7142857142857,85.7142857142857,85.7142857142857,85.7142857142857,85.7142857142857,85.7142857142857,85.7142857142857,"FLAG"
"47","2-JKS030.65",2021,12,"TR","TR",NA,18,18,18,100,100,100,50,100,100,100,100,100,100,100,100,"FLAG"
"48","2-JKS030.65",2022,6,"TR","TR",NA,18,18,18,100,100,100,50,100,100,100,100,100,100,100,100,"FLAG"
"49","2-JKS044.60",2021,510,"RL","RL",NA,674,674,674,65.2818991097923,65.2818991097923,65.2818991097923,32.6409495548961,65.2818991097923,65.2818991097923,65.2818991097923,65.2818991097923,65.2818991097923,65.2818991097923,65.2818991097923,65.2818991097923,"FLAG"
"50","2-JKS044.60",2022,164,"RL","RL",NA,674,674,674,65.2818991097923,65.2818991097923,65.2818991097923,32.6409495548961,65.2818991097923,65.2818991097923,65.2818991097923,65.2818991097923,65.2818991097923,65.2818991097923,65.2818991097923,65.2818991097923,"FLAG"
"51","2-JKS046.40",2021,434,"RL | RB","RL",NA,578,578,578,60.8996539792388,60.8996539792388,60.8996539792388,30.4498269896194,60.8996539792388,60.8996539792388,60.8996539792388,60.8996539792388,60.8996539792388,60.8996539792388,60.8996539792388,60.8996539792388,"FLAG"
"52","2-JKS046.40",2022,144,"RL | RB","RL",NA,578,578,578,60.8996539792388,60.8996539792388,60.8996539792388,30.4498269896194,60.8996539792388,60.8996539792388,60.8996539792388,60.8996539792388,60.8996539792388,60.8996539792388,60.8996539792388,60.8996539792388,"FLAG"
"53","2-JKS048.90",2021,416,"RL","RL",NA,560,560,560,58.2142857142857,58.2142857142857,58.2142857142857,29.1071428571429,58.2142857142857,58.2142857142857,58.2142857142857,58.2142857142857,58.2142857142857,58.2142857142857,58.2142857142857,58.2142857142857,"FLAG"
"54","2-JKS048.90",2022,144,"RL","RL",NA,560,560,560,58.2142857142857,58.2142857142857,58.2142857142857,29.1071428571429,58.2142857142857,58.2142857142857,58.2142857142857,58.2142857142857,58.2142857142857,58.2142857142857,58.2142857142857,58.2142857142857,"FLAG"
"55","2-JKS053.48",2021,112,"RL","RL",NA,156,156,156,53.8461538461538,53.8461538461538,53.8461538461538,26.9230769230769,53.8461538461538,53.8461538461538,53.8461538461538,53.8461538461538,53.8461538461538,53.8461538461538,53.8461538461538,53.8461538461538,"FLAG"
"56","2-JKS053.48",2022,44,"RL","RL",NA,156,156,156,53.8461538461538,53.8461538461538,53.8461538461538,26.9230769230769,53.8461538461538,53.8461538461538,53.8461538461538,53.8461538461538,53.8461538461538,53.8461538461538,53.8461538461538,53.8461538461538,"FLAG"
"57","2-JMS258.54",2021,12,"TR","TR",NA,20,20,20,90,90,90,45,90,90,90,90,90,90,90,90,"FLAG"
"58","2-JMS258.54",2022,8,"TR","TR",NA,20,20,20,90,90,90,45,90,90,90,90,90,90,90,90,"FLAG"
"59","2-JMS270.84",2021,12,"TR","TR",NA,20,20,20,90,90,90,45,90,90,90,90,90,90,90,90,"FLAG"
"60","2-JMS270.84",2022,8,"TR","TR",NA,20,20,20,90,90,90,45,90,90,90,90,90,90,90,90,"FLAG"
"61","2-JMS279.41",2021,59,"BN | TR","BN",NA,80,80,80,55,53.75,53.75,35,55,55,55,55,55,55,55,55,"FLAG"
"62","2-JMS279.41",2022,21,"BN | TR","BN",NA,80,80,80,55,53.75,53.75,35,55,55,55,55,55,55,55,55,"FLAG"
"63","2-JMS298.70",2022,9,"AW | HF","AW",NA,9,9,9,100,77.7777777777778,100,55.5555555555556,100,100,100,100,100,100,100,100,"FLAG"
"64","2-JMS309.13",2022,9,"AW | HF","AW",NA,9,9,9,100,77.7777777777778,100,55.5555555555556,100,100,100,100,100,100,100,100,"FLAG"
"65","2-JMS313.85",2021,24,"AW","AW",NA,33,33,33,93.9393939393939,87.8787878787879,93.9393939393939,48.4848484848485,93.9393939393939,93.9393939393939,93.9393939393939,93.9393939393939,93.9393939393939,93.9393939393939,93.9393939393939,93.9393939393939,"FLAG"
"66","2-JMS313.85",2022,9,"AW | HF","AW",NA,33,33,33,93.9393939393939,87.8787878787879,93.9393939393939,48.4848484848485,93.9393939393939,93.9393939393939,93.9393939393939,93.9393939393939,93.9393939393939,93.9393939393939,93.9393939393939,93.9393939393939,"FLAG"
"67","2-JMS342.43",2022,9,"AW | HF","AW",NA,9,9,9,100,77.7777777777778,100,55.5555555555556,100,100,100,100,100,100,100,100,"FLAG"
"68","2-JMS345.73",2022,9,"AW | HF","AW",NA,9,9,9,100,77.7777777777778,100,55.5555555555556,100,100,100,100,100,100,100,100,"FLAG"
"69","2-JTH001.52",2021,16,"TM | RB","TM",NA,26,26,26,92.3076923076923,92.3076923076923,92.3076923076923,46.1538461538462,92.3076923076923,92.3076923076923,92.3076923076923,92.3076923076923,92.3076923076923,92.3076923076923,92.3076923076923,92.3076923076923,"FLAG"
"70","2-JTH001.52",2022,10,"TM | RB","TM",NA,26,26,26,92.3076923076923,92.3076923076923,92.3076923076923,46.1538461538462,92.3076923076923,92.3076923076923,92.3076923076923,92.3076923076923,92.3076923076923,92.3076923076923,92.3076923076923,92.3076923076923,"FLAG"
"71","2-JTH006.53",2021,4,"RB","RB",NA,4,4,4,100,100,100,50,100,100,100,100,100,100,100,100,"FLAG"
"72","2-LIP001.00",2021,24,"AW","AW",NA,24,24,24,100,100,100,50,100,100,100,100,100,100,100,100,"FLAG"
"73","2-LMC000.40",2021,12,"TR","TR",NA,18,18,18,100,100,100,50,100,100,100,100,100,100,100,100,"FLAG"
"74","2-LMC000.40",2022,6,"TR","TR",NA,18,18,18,100,100,100,50,100,100,100,100,100,100,100,100,"FLAG"
"75","2-MFL001.65",2021,4,"RB","RB",NA,4,4,4,100,100,100,50,100,100,100,100,100,100,100,100,"FLAG"
"76","2-MIV000.39",2021,24,"AW","AW",NA,24,24,24,100,100,100,50,100,100,100,100,100,100,100,100,"FLAG"
"77","2-POL008.53",2021,26,"AW","AW",NA,26,26,26,92.3076923076923,92.3076923076923,92.3076923076923,46.1538461538462,92.3076923076923,92.3076923076923,92.3076923076923,92.3076923076923,92.3076923076923,92.3076923076923,92.3076923076923,92.3076923076923,"FLAG"
"78","2-POL017.59",2021,210,"RL","RL",NA,306,306,306,73.5294117647059,73.5294117647059,73.5294117647059,34.9673202614379,73.5294117647059,73.5294117647059,73.5294117647059,73.5294117647059,73.5294117647059,73.5294117647059,73.5294117647059,73.5294117647059,"FLAG"
"79","2-POL017.59",2022,96,"RL","RL",NA,306,306,306,73.5294117647059,73.5294117647059,73.5294117647059,34.9673202614379,73.5294117647059,73.5294117647059,73.5294117647059,73.5294117647059,73.5294117647059,73.5294117647059,73.5294117647059,73.5294117647059,"FLAG"
"80","2-POT000.12",2021,12,"TR","TR",NA,18,18,18,100,100,100,50,100,100,100,100,100,100,100,100,"FLAG"
"81","2-POT000.12",2022,6,"TR","TR",NA,18,18,18,100,100,100,50,100,100,100,100,100,100,100,100,"FLAG"
"82","2-POT007.48",2021,24,"AW","AW",NA,24,24,24,100,100,100,50,100,100,100,100,100,100,100,100,"FLAG"
"83","2-PTR007.37",2021,4,"RB","RB",NA,4,4,4,100,100,100,50,100,100,100,100,100,100,100,100,"FLAG"
"84","2-RED003.65",2021,4,"FP","FP",NA,4,4,4,100,100,100,50,100,100,100,100,100,100,100,100,"FLAG"
"85","2-RNG000.41",2022,2,"RB","RB",NA,2,2,2,100,100,100,50,100,100,100,100,100,100,100,100,"FLAG"
"86","2-RTD003.08",2021,26,"AW","AW",NA,26,26,26,92.3076923076923,92.3076923076923,92.3076923076923,46.1538461538462,92.3076923076923,92.3076923076923,92.3076923076923,92.3076923076923,92.3076923076923,92.3076923076923,92.3076923076923,92.3076923076923,"FLAG"
"87","2-THK000.03",2021,4,"RB","RB",NA,6,6,6,100,100,100,50,100,100,100,100,100,100,100,100,"FLAG"
"88","2-THK000.03",2022,2,"RB","RB",NA,6,6,6,100,100,100,50,100,100,100,100,100,100,100,100,"FLAG"
"89","2-THK001.31",2021,10,"TM","TM",NA,18,18,18,88.8888888888889,88.8888888888889,88.8888888888889,44.4444444444444,88.8888888888889,88.8888888888889,88.8888888888889,88.8888888888889,88.8888888888889,88.8888888888889,88.8888888888889,88.8888888888889,"FLAG"
"90","2-THK001.31",2022,8,"TM","TM",NA,18,18,18,88.8888888888889,88.8888888888889,88.8888888888889,44.4444444444444,88.8888888888889,88.8888888888889,88.8888888888889,88.8888888888889,88.8888888888889,88.8888888888889,88.8888888888889,88.8888888888889,"FLAG"
"91","2-XRD001.28",2022,2,"RB","RB",NA,2,2,2,100,100,100,50,100,100,100,100,100,100,100,100,"FLAG"
"92","2-XUL000.10",2021,16,"TM","TM",NA,18,18,18,100,100,100,50,100,100,100,100,100,100,100,100,"FLAG"
"93","2-XUL000.10",2022,2,"TM","TM",NA,18,18,18,100,100,100,50,100,100,100,100,100,100,100,100,"FLAG"
"94","2ABGK002.63",2021,4,"FP","FP",NA,4,4,4,100,100,100,50,100,100,100,100,100,100,100,100,"FLAG"
"95","2ACAT016.66",2022,2,"FP","FP",NA,2,2,2,100,100,100,50,100,100,100,100,100,100,100,100,"FLAG"
"96","2ACAT037.85",2021,4,"FP","FP",NA,6,6,6,100,100,100,50,100,100,100,100,100,100,100,100,"FLAG"
"97","2ACAT037.85",2022,2,"RB","RB",NA,6,6,6,100,100,100,50,100,100,100,100,100,100,100,100,"FLAG"
"98","2AJMS333.05",2021,4,"FP","FP",NA,4,4,4,50,50,50,25,50,50,50,50,50,50,50,50,"FLAG"
"99","2BACH001.62",2022,2,"RB","RB",NA,2,2,2,100,100,100,50,100,100,100,100,100,100,100,100,"FLAG"
"100","2BCTE001.75",2021,4,"RB","RB",NA,6,6,6,100,100,100,50,100,100,100,100,100,100,100,100,"FLAG"
"101","2BCTE001.75",2022,2,"RB","RB",NA,6,6,6,100,100,100,50,100,100,100,100,100,100,100,100,"FLAG"
"102","2BFWN000.66",2021,4,"RB","RB",NA,4,4,4,100,100,100,50,100,100,100,100,100,100,100,100,"FLAG"
"103","2BHOY002.92",2021,4,"RB","RB",NA,4,4,4,100,100,100,50,100,100,100,100,100,100,100,100,"FLAG"
"104","2BJMS221.84",2022,12,"HF","HF",NA,12,12,12,100,100,100,50,100,100,100,100,100,100,100,100,"FLAG"
"105","2BJMS229.14",2021,24,"AW","AW",NA,36,36,36,94.4444444444444,94.4444444444444,94.4444444444444,47.2222222222222,94.4444444444444,94.4444444444444,94.4444444444444,94.4444444444444,94.4444444444444,94.4444444444444,94.4444444444444,94.4444444444444,"FLAG"
"106","2BJMS229.14",2022,12,"HF","HF",NA,36,36,36,94.4444444444444,94.4444444444444,94.4444444444444,47.2222222222222,94.4444444444444,94.4444444444444,94.4444444444444,94.4444444444444,94.4444444444444,94.4444444444444,94.4444444444444,94.4444444444444,"FLAG"
"107","2BJMS248.90",2022,14,"HF","HF",NA,14,14,14,85.7142857142857,85.7142857142857,85.7142857142857,42.8571428571429,85.7142857142857,85.7142857142857,85.7142857142857,85.7142857142857,85.7142857142857,85.7142857142857,85.7142857142857,85.7142857142857,"FLAG"
"108","2BJMS259.12",2022,12,"HF","HF",NA,12,12,12,100,100,100,50,100,100,100,100,100,100,100,100,"FLAG"
"109","2BJMS267.05",2022,12,"HF","HF",NA,12,12,12,100,100,100,50,100,100,100,100,100,100,100,100,"FLAG"
"110","2BJMS282.98",2022,12,"HF","HF",NA,12,12,12,100,100,100,50,100,100,100,100,100,100,100,100,"FLAG"
"111","2BJMS287.57",2022,6,"HF","HF",NA,6,6,6,100,100,100,0,100,100,100,100,100,100,100,100,"FLAG"
"112","2BPOL010.84",2022,2,"FP","FP",NA,2,2,2,100,100,100,50,100,100,100,100,100,100,100,100,"FLAG"
"113","2BSTW006.56",2021,4,"FP","FP",NA,4,4,4,100,100,100,50,100,100,100,100,100,100,100,100,"FLAG"
"114","2BXBJ000.03",2021,4,"RB","RB",NA,4,4,4,100,100,100,50,100,100,100,100,100,100,100,100,"FLAG"
"115","4AALN009.12",2021,12,"TR","TR",NA,16,16,16,100,100,100,50,100,100,100,100,100,100,100,100,"FLAG"
"116","4AALN009.12",2022,4,"TR","TR",NA,16,16,16,100,100,100,50,100,100,100,100,100,100,100,100,"FLAG"
"117","4AALN016.38",2021,4,"RB","RB",NA,4,4,4,100,100,100,50,100,100,100,100,100,100,100,100,"FLAG"
"118","4ABAN005.58",2021,12,"TR","TR",NA,16,16,16,100,100,100,50,100,100,100,100,100,100,100,100,"FLAG"
"119","4ABAN005.58",2022,4,"TR","TR",NA,16,16,16,100,100,100,50,100,100,100,100,100,100,100,100,"FLAG"
"120","4ABAN012.46",2021,66,"RL","RL",NA,90,90,90,84.4444444444444,84.4444444444444,84.4444444444444,42.2222222222222,84.4444444444444,84.4444444444444,84.4444444444444,84.4444444444444,84.4444444444444,84.4444444444444,84.4444444444444,84.4444444444444,"FLAG"
"121","4ABAN012.46",2022,24,"RL","RL",NA,90,90,90,84.4444444444444,84.4444444444444,84.4444444444444,42.2222222222222,84.4444444444444,84.4444444444444,84.4444444444444,84.4444444444444,84.4444444444444,84.4444444444444,84.4444444444444,84.4444444444444,"FLAG"
"122","4ABAN039.76",2021,12,"TR","TR",NA,18,18,18,100,100,100,50,100,100,100,100,100,100,100,100,"FLAG"
"123","4ABAN039.76",2022,6,"TR","TR",NA,18,18,18,100,100,100,50,100,100,100,100,100,100,100,100,"FLAG"
"124","4ABAU011.17",2021,4,"FP","FP",NA,4,4,4,100,100,100,50,100,100,100,100,100,100,100,100,"FLAG"
"125","4ABCE001.32",2021,2,"TM","TM",NA,8,8,8,100,100,100,50,100,100,100,100,100,100,100,100,"FLAG"
"126","4ABCE001.32",2022,6,"TM","TM",NA,8,8,8,100,100,100,50,100,100,100,100,100,100,100,100,"FLAG"
"127","4ABHB004.40",2021,166,"RL","RL",NA,256,256,256,45.3125,45.3125,45.3125,22.65625,45.3125,45.3125,45.3125,45.3125,45.3125,45.3125,45.3125,45.3125,"FLAG"
"128","4ABHB004.40",2022,90,"RL","RL",NA,256,256,256,45.3125,45.3125,45.3125,22.65625,45.3125,45.3125,45.3125,45.3125,45.3125,45.3125,45.3125,45.3125,"FLAG"
"129","4ABMA002.00",2021,12,"TR","TR",NA,16,16,16,100,100,100,50,100,100,100,100,100,100,100,100,"FLAG"
"130","4ABMA002.00",2022,4,"TR","TR",NA,16,16,16,100,100,100,50,100,100,100,100,100,100,100,100,"FLAG"
"131","4ABMA005.64",2022,2,"RB","RB",NA,2,2,2,100,100,100,50,100,100,100,100,100,100,100,100,"FLAG"
"132","4ABMN000.65",2022,2,"RB","RB",NA,2,2,2,100,100,100,50,100,100,100,100,100,100,100,100,"FLAG"
"133","4ABNN002.17",2021,4,"FP","FP",NA,8,8,8,100,100,100,50,100,100,100,100,100,100,100,100,"FLAG"
"134","4ABNN002.17",2022,4,"FP","FP",NA,8,8,8,100,100,100,50,100,100,100,100,100,100,100,100,"FLAG"
"135","4ABNR000.40",2021,12,"IM | TR","IM",NA,18,18,18,100,100,100,50,100,100,100,100,100,100,100,100,"FLAG"
"136","4ABNR000.40",2022,6,"IM | TR","IM",NA,18,18,18,100,100,100,50,100,100,100,100,100,100,100,100,"FLAG"
"137","4ABOE001.34",2021,2,"RB","RB",NA,2,2,2,100,100,100,50,100,100,100,100,100,100,100,100,"FLAG"
"138","4ABOR000.62",2021,12,"TR","TR",NA,18,18,18,100,100,100,50,100,100,100,100,100,100,100,100,"FLAG"
"139","4ABOR000.62",2022,6,"TR","TR",NA,18,18,18,100,100,100,50,100,100,100,100,100,100,100,100,"FLAG"
"140","4ABOR016.26",2021,12,"IM","IM",NA,12,12,12,100,100,100,50,100,100,100,100,100,100,100,100,"FLAG"
"141","4ABOR028.29",2021,4,"FP","FP",NA,4,4,4,100,100,100,50,100,100,100,100,100,100,100,100,"FLAG"
"142","4ABOY002.02",2021,4,"FP","FP",NA,4,4,4,100,100,100,50,100,100,100,100,100,100,100,100,"FLAG"
"143","4ABPD001.76",2021,4,"FP","FP",NA,4,4,4,100,100,100,50,100,100,100,100,100,100,100,100,"FLAG"
"144","4ABRY000.42",2021,12,"IM","IM",NA,17,17,17,100,100,100,47.0588235294118,100,100,100,100,100,100,100,100,"FLAG"
"145","4ABRY000.42",2022,5,"IM","IM",NA,17,17,17,100,100,100,47.0588235294118,100,100,100,100,100,100,100,100,"FLAG"
"146","4ABSA000.62",2021,492,"RL","RL",NA,636,636,636,69.4968553459119,69.4968553459119,69.4968553459119,34.748427672956,69.4968553459119,69.4968553459119,69.4968553459119,69.4968553459119,69.4968553459119,69.4968553459119,69.4968553459119,69.4968553459119,"FLAG"
"147","4ABSA000.62",2022,144,"RL","RL",NA,636,636,636,69.4968553459119,69.4968553459119,69.4968553459119,34.748427672956,69.4968553459119,69.4968553459119,69.4968553459119,69.4968553459119,69.4968553459119,69.4968553459119,69.4968553459119,69.4968553459119,"FLAG"
"148","4ABSF001.15",2021,12,"TR | IM","TR",NA,18,18,18,100,100,100,50,100,100,100,100,100,100,100,100,"FLAG"
"149","4ABSF001.15",2022,6,"TR","TR",NA,18,18,18,100,100,100,50,100,100,100,100,100,100,100,100,"FLAG"
"150","4ABST001.13",2021,110,"RL","RL",NA,188,188,188,36.1702127659575,35.1063829787234,36.1702127659575,18.0851063829787,36.1702127659575,36.1702127659575,36.1702127659575,36.1702127659575,36.1702127659575,36.1702127659575,36.1702127659575,36.1702127659575,"FLAG"
"151","4ABST001.13",2022,78,"RL","RL",NA,188,188,188,36.1702127659575,35.1063829787234,36.1702127659575,18.0851063829787,36.1702127659575,36.1702127659575,36.1702127659575,36.1702127659575,36.1702127659575,36.1702127659575,36.1702127659575,36.1702127659575,"FLAG"
"152","4ABWA002.00",2021,14,"IM","IM",NA,18,18,18,100,100,100,50,100,100,100,100,100,100,100,100,"FLAG"
"153","4ABWA002.00",2022,4,"IM","IM",NA,18,18,18,100,100,100,50,100,100,100,100,100,100,100,100,"FLAG"
"154","4ABWR002.50",2021,530,"RL","RL",NA,694,694,694,57.3487031700288,57.3487031700288,57.3487031700288,28.6743515850144,57.3487031700288,57.3487031700288,57.3487031700288,57.3487031700288,57.3487031700288,57.3487031700288,57.3487031700288,57.3487031700288,"FLAG"
"155","4ABWR002.50",2022,164,"RL","RL",NA,694,694,694,57.3487031700288,57.3487031700288,57.3487031700288,28.6743515850144,57.3487031700288,57.3487031700288,57.3487031700288,57.3487031700288,57.3487031700288,57.3487031700288,57.3487031700288,57.3487031700288,"FLAG"
"156","4ABWR010.55",2021,470,"RL","RL",NA,614,614,614,62.8664495114006,62.8664495114006,62.8664495114006,31.4332247557003,62.8664495114006,62.8664495114006,62.8664495114006,62.8664495114006,62.8664495114006,62.8664495114006,62.8664495114006,62.8664495114006,"FLAG"
"157","4ABWR010.55",2022,144,"RL","RL",NA,614,614,614,62.8664495114006,62.8664495114006,62.8664495114006,31.4332247557003,62.8664495114006,62.8664495114006,62.8664495114006,62.8664495114006,62.8664495114006,62.8664495114006,62.8664495114006,62.8664495114006,"FLAG"
"158","4ABWR017.42",2021,134,"RL","RL",NA,178,178,178,50.561797752809,50.561797752809,50.561797752809,25.2808988764045,50.561797752809,50.561797752809,50.561797752809,50.561797752809,50.561797752809,50.561797752809,50.561797752809,50.561797752809,"FLAG"
"159","4ABWR017.42",2022,44,"RL","RL",NA,178,178,178,50.561797752809,50.561797752809,50.561797752809,25.2808988764045,50.561797752809,50.561797752809,50.561797752809,50.561797752809,50.561797752809,50.561797752809,50.561797752809,50.561797752809,"FLAG"
"160","4ABWR019.75",2021,14,"TR | IM","TR",NA,20,20,20,90,90,90,45,90,90,90,90,90,90,90,90,"FLAG"
"161","4ABWR019.75",2022,6,"TR","TR",NA,20,20,20,90,90,90,45,90,90,90,90,90,90,90,90,"FLAG"
"162","4ABWR028.90",2022,2,"TM","TM",NA,2,2,2,100,100,100,50,100,100,100,100,100,100,100,100,"FLAG"
"163","4ABWR045.80",2021,14,"TR","TR",NA,20,20,20,90,90,90,45,90,90,90,90,90,90,90,90,"FLAG"
"164","4ABWR045.80",2022,6,"TR | IM","TR",NA,20,20,20,90,90,90,45,90,90,90,90,90,90,90,90,"FLAG"
"165","4ABWR054.81",2021,12,"TR","TR",NA,18,18,18,100,100,100,50,100,100,100,100,100,100,100,100,"FLAG"
"166","4ABWR054.81",2022,6,"TR","TR",NA,18,18,18,100,100,100,50,100,100,100,100,100,100,100,100,"FLAG"
"167","4ABWR061.20",2021,12,"TR | IM","TR",NA,18,18,18,100,100,100,50,100,100,100,100,100,100,100,100,"FLAG"
"168","4ABWR061.20",2022,6,"IM | TR","IM",NA,18,18,18,100,100,100,50,100,100,100,100,100,100,100,100,"FLAG"
"169","4ACAS003.45",2022,2,"RB","RB",NA,2,2,2,100,100,100,50,100,100,100,100,100,100,100,100,"FLAG"
"170","4ACCK001.80",2021,408,"RL","RL",NA,572,572,572,58.3916083916084,58.3916083916084,58.3916083916084,29.1958041958042,58.3916083916084,58.3916083916084,58.3916083916084,58.3916083916084,58.3916083916084,58.3916083916084,58.3916083916084,58.3916083916084,"FLAG"
"171","4ACCK001.80",2022,164,"RL","RL",NA,572,572,572,58.3916083916084,58.3916083916084,58.3916083916084,29.1958041958042,58.3916083916084,58.3916083916084,58.3916083916084,58.3916083916084,58.3916083916084,58.3916083916084,58.3916083916084,58.3916083916084,"FLAG"
"172","4ACNT001.32",2021,4,"RB","RB",NA,6,6,6,100,100,100,50,100,100,100,100,100,100,100,100,"FLAG"
"173","4ACNT001.32",2022,2,"RB","RB",NA,6,6,6,100,100,100,50,100,100,100,100,100,100,100,100,"FLAG"
"174","4ACOA000.60",2021,482,"RL","RL",NA,626,626,626,64.5367412140575,64.5367412140575,64.5367412140575,32.2683706070287,64.5367412140575,64.5367412140575,64.5367412140575,64.5367412140575,64.5367412140575,64.5367412140575,64.5367412140575,64.5367412140575,"FLAG"
"175","4ACOA000.60",2022,144,"RL","RL",NA,626,626,626,64.5367412140575,64.5367412140575,64.5367412140575,32.2683706070287,64.5367412140575,64.5367412140575,64.5367412140575,64.5367412140575,64.5367412140575,64.5367412140575,64.5367412140575,64.5367412140575,"FLAG"
"176","4ACOX007.50",2021,4,"RB","RB",NA,6,6,6,100,100,100,50,100,100,100,100,100,100,100,100,"FLAG"
"177","4ACOX007.50",2022,2,"RB","RB",NA,6,6,6,100,100,100,50,100,100,100,100,100,100,100,100,"FLAG"
"178","4ACUB010.96",2021,12,"TR","TR",NA,18,18,18,100,100,100,50,100,100,100,100,100,100,100,100,"FLAG"
"179","4ACUB010.96",2022,6,"TR","TR",NA,18,18,18,100,100,100,50,100,100,100,100,100,100,100,100,"FLAG"
"180","4ADAN015.30",2021,12,"TR","TR",NA,16,16,16,100,100,100,50,100,100,100,100,100,100,100,100,"FLAG"
"181","4ADAN015.30",2022,4,"TR","TR",NA,16,16,16,100,100,100,50,100,100,100,100,100,100,100,100,"FLAG"
"182","4ADAN028.90",2021,12,"TR","TR",NA,16,16,16,100,100,100,50,100,100,100,100,100,100,100,100,"FLAG"
"183","4ADAN028.90",2022,4,"TR","TR",NA,16,16,16,100,100,100,50,100,100,100,100,100,100,100,100,"FLAG"
"184","4ADAN041.64",2021,2,"FP","FP",NA,2,2,2,100,100,100,50,100,100,100,100,100,100,100,100,"FLAG"
"185","4ADAN053.40",2021,22,"AW","AW",NA,22,22,22,100,100,100,50,100,100,100,100,100,100,100,100,"FLAG"
"186","4ADAN059.97",2022,10,"AW","AW",NA,10,10,10,100,100,100,50,100,100,100,100,100,100,100,100,"FLAG"
"187","4ADAN075.22",2021,12,"TR","TR",NA,16,16,16,100,100,100,50,100,100,100,100,100,100,100,100,"FLAG"
"188","4ADAN075.22",2022,4,"TR","TR",NA,16,16,16,100,100,100,50,100,100,100,100,100,100,100,100,"FLAG"
"189","4ADAN187.94",2021,296,"RL","RL",NA,376,376,376,86.7021276595745,75.531914893617,86.7021276595745,43.3510638297872,86.7021276595745,86.7021276595745,86.7021276595745,86.7021276595745,86.7021276595745,86.7021276595745,86.7021276595745,86.7021276595745,"FLAG"
"190","4ADAN187.94",2022,80,"RL","RL",NA,376,376,376,86.7021276595745,75.531914893617,86.7021276595745,43.3510638297872,86.7021276595745,86.7021276595745,86.7021276595745,86.7021276595745,86.7021276595745,86.7021276595745,86.7021276595745,86.7021276595745,"FLAG"
"191","4ADAN194.10",2021,502,"RL","RL",NA,614,614,614,79.1530944625407,68.7296416938111,79.1530944625407,39.5765472312704,79.1530944625407,79.1530944625407,79.1530944625407,79.1530944625407,79.1530944625407,79.1530944625407,79.1530944625407,79.1530944625407,"FLAG"
"192","4ADAN194.10",2022,112,"RL","RL",NA,614,614,614,79.1530944625407,68.7296416938111,79.1530944625407,39.5765472312704,79.1530944625407,79.1530944625407,79.1530944625407,79.1530944625407,79.1530944625407,79.1530944625407,79.1530944625407,79.1530944625407,"FLAG"
"193","4AELK005.44",2021,26,"AW","AW",NA,31,31,31,100,100,100,51.6129032258064,100,100,100,100,100,100,100,100,"FLAG"
"194","4AELK005.44",2022,5,"IM","IM",NA,31,31,31,100,100,100,51.6129032258064,100,100,100,100,100,100,100,100,"FLAG"
"195","4AFLT002.60",2021,14,"TR","TR",NA,18,18,18,88.8888888888889,88.8888888888889,88.8888888888889,44.4444444444444,88.8888888888889,88.8888888888889,88.8888888888889,88.8888888888889,88.8888888888889,88.8888888888889,88.8888888888889,88.8888888888889,"FLAG"
"196","4AFLT002.60",2022,4,"TR","TR",NA,18,18,18,88.8888888888889,88.8888888888889,88.8888888888889,44.4444444444444,88.8888888888889,88.8888888888889,88.8888888888889,88.8888888888889,88.8888888888889,88.8888888888889,88.8888888888889,88.8888888888889,"FLAG"
"197","4AFRV010.99",2021,12,"TR","TR",NA,18,18,18,100,100,100,50,100,100,100,100,100,100,100,100,"FLAG"
"198","4AFRV010.99",2022,6,"TR","TR",NA,18,18,18,100,100,100,50,100,100,100,100,100,100,100,100,"FLAG"
"199","4AFSF000.66",2021,26,"AW","AW",NA,26,26,26,92.3076923076923,92.3076923076923,92.3076923076923,46.1538461538462,92.3076923076923,92.3076923076923,92.3076923076923,92.3076923076923,92.3076923076923,92.3076923076923,92.3076923076923,92.3076923076923,"FLAG"
"200","4AGEO006.73",2022,2,"RB","RB",NA,2,2,2,100,100,100,50,100,100,100,100,100,100,100,100,"FLAG"
"201","4AGIB000.66",2021,12,"IM","IM",NA,16,16,16,37.5,37.5,37.5,18.75,37.5,37.5,37.5,37.5,37.5,37.5,37.5,37.5,"FLAG"
"202","4AGIB000.66",2022,4,"IM","IM",NA,16,16,16,37.5,37.5,37.5,18.75,37.5,37.5,37.5,37.5,37.5,37.5,37.5,37.5,"FLAG"
"203","4AGIL002.39",2021,278,"RL","RL",NA,362,362,362,70.1657458563536,70.1657458563536,70.1657458563536,35.0828729281768,70.1657458563536,70.1657458563536,70.1657458563536,70.1657458563536,70.1657458563536,70.1657458563536,70.1657458563536,70.1657458563536,"FLAG"
"204","4AGIL002.39",2022,84,"RL","RL",NA,362,362,362,70.1657458563536,70.1657458563536,70.1657458563536,35.0828729281768,70.1657458563536,70.1657458563536,70.1657458563536,70.1657458563536,70.1657458563536,70.1657458563536,70.1657458563536,70.1657458563536,"FLAG"
"205","4AGIL004.46",2021,14,"TR","TR",NA,20,20,20,90,90,90,45,90,90,90,90,90,90,90,90,"FLAG"
"206","4AGIL004.46",2022,6,"TR","TR",NA,20,20,20,90,90,90,45,90,90,90,90,90,90,90,90,"FLAG"
"207","4AGLA000.20",2021,12,"IM","IM",NA,17,17,17,100,100,100,52.9411764705882,100,100,100,100,100,100,100,100,"FLAG"
"208","4AGLA000.20",2022,5,"IM","IM",NA,17,17,17,100,100,100,52.9411764705882,100,100,100,100,100,100,100,100,"FLAG"
"209","4AGLA004.39",2021,12,"IM","IM",NA,12,12,12,100,100,100,50,100,100,100,100,100,100,100,100,"FLAG"
"210","4AGOB003.86",2021,132,"RL","RL",NA,168,168,168,100,100,100,50,100,100,100,100,100,100,100,100,"FLAG"
"211","4AGOB003.86",2022,36,"RL","RL",NA,168,168,168,100,100,100,50,100,100,100,100,100,100,100,100,"FLAG"
"212","4AGSE013.45",2021,12,"TR","TR",NA,18,18,18,88.8888888888889,88.8888888888889,88.8888888888889,44.4444444444444,88.8888888888889,88.8888888888889,88.8888888888889,88.8888888888889,88.8888888888889,88.8888888888889,88.8888888888889,88.8888888888889,"FLAG"
"213","4AGSE013.45",2022,6,"TR","TR",NA,18,18,18,88.8888888888889,88.8888888888889,88.8888888888889,44.4444444444444,88.8888888888889,88.8888888888889,88.8888888888889,88.8888888888889,88.8888888888889,88.8888888888889,88.8888888888889,88.8888888888889,"FLAG"
"214","4AGSE025.64",2021,24,"AW","AW",NA,24,24,24,100,100,100,50,100,100,100,100,100,100,100,100,"FLAG"
"215","4AGSY004.60",2021,4,"RB","RB",NA,6,6,6,100,100,100,50,100,100,100,100,100,100,100,100,"FLAG"
"216","4AGSY004.60",2022,2,"RB","RB",NA,6,6,6,100,100,100,50,100,100,100,100,100,100,100,100,"FLAG"
"217","4AHEN004.27",2021,4,"RB","RB",NA,6,6,6,100,100,100,50,100,100,100,100,100,100,100,100,"FLAG"
"218","4AHEN004.27",2022,2,"RB","RB",NA,6,6,6,100,100,100,50,100,100,100,100,100,100,100,100,"FLAG"
"219","4AHPN001.62",2021,12,"TR","TR",NA,18,18,18,100,100,100,50,100,100,100,100,100,100,100,100,"FLAG"
"220","4AHPN001.62",2022,6,"TR","TR",NA,18,18,18,100,100,100,50,100,100,100,100,100,100,100,100,"FLAG"
"221","4AHYC002.70",2022,10,"AW","AW",NA,10,10,10,100,100,100,50,100,100,100,100,100,100,100,100,"FLAG"
"222","4AHYC016.70",2021,12,"TR","TR",NA,16,16,16,100,100,100,50,100,100,100,100,100,100,100,100,"FLAG"
"223","4AHYC016.70",2022,4,"TR","TR",NA,16,16,16,100,100,100,50,100,100,100,100,100,100,100,100,"FLAG"
"224","4ALLE005.22",2021,16,"IM | TR | TM","IM",NA,24,24,24,100,100,100,50,100,100,100,100,100,100,100,100,"FLAG"
"225","4ALLE005.22",2022,8,"TR | TM | IM","TR",NA,24,24,24,100,100,100,50,100,100,100,100,100,100,100,100,"FLAG"
"226","4ALNE006.56",2021,12,"TR","TR",NA,16,16,16,100,100,100,50,100,100,100,100,100,100,100,100,"FLAG"
"227","4ALNE006.56",2022,4,"TR","TR",NA,16,16,16,100,100,100,50,100,100,100,100,100,100,100,100,"FLAG"
"228","4ALOR014.75",2021,12,"TR","TR",NA,20,20,20,90,90,90,45,90,90,90,90,90,90,90,90,"FLAG"
"229","4ALOR014.75",2022,8,"TR","TR",NA,20,20,20,90,90,90,45,90,90,90,90,90,90,90,90,"FLAG"
"230","4ALRO006.42",2022,10,"AW","AW",NA,10,10,10,100,100,100,50,100,100,100,100,100,100,100,100,"FLAG"
"231","4ALRO010.18",2021,4,"RB","RB",NA,6,6,6,100,100,100,50,100,100,100,100,100,100,100,100,"FLAG"
"232","4ALRO010.18",2022,2,"RB","RB",NA,6,6,6,100,100,100,50,100,100,100,100,100,100,100,100,"FLAG"
"233","4ALRO010.88",2022,2,"FP","FP",NA,2,2,2,100,100,100,50,100,100,100,100,100,100,100,100,"FLAG"
"234","4ALUB000.12",2022,10,"AW","AW",NA,10,10,10,100,100,100,50,100,100,100,100,100,100,100,100,"FLAG"
"235","4ALWD002.54",2021,12,"IM","IM",NA,17,17,17,100,100,100,47.0588235294118,100,100,100,100,100,100,100,100,"FLAG"
"236","4ALWD002.54",2022,5,"IM","IM",NA,17,17,17,100,100,100,47.0588235294118,100,100,100,100,100,100,100,100,"FLAG"
"237","4ALWF004.32",2021,24,"AW","AW",NA,24,24,24,100,100,100,50,100,100,100,100,100,100,100,100,"FLAG"
"238","4ALYT003.77",2021,12,"TR","TR",NA,16,16,16,100,100,100,50,100,100,100,100,100,100,100,100,"FLAG"
"239","4ALYT003.77",2022,4,"TR","TR",NA,16,16,16,100,100,100,50,100,100,100,100,100,100,100,100,"FLAG"
"240","4AMCR004.60",2021,12,"IM","IM",NA,12,12,12,100,100,100,50,100,100,100,100,100,100,100,100,"FLAG"
"241","4AMDL000.34",2021,12,"IM","IM",NA,17,17,17,100,100,100,52.9411764705882,100,100,100,100,100,100,100,100,"FLAG"
"242","4AMDL000.34",2022,5,"IM","IM",NA,17,17,17,100,100,100,52.9411764705882,100,100,100,100,100,100,100,100,"FLAG"
"243","4AMEE004.90",2021,14,"TR | TM","TR",NA,20,20,20,100,100,100,50,100,100,100,100,100,100,100,100,"FLAG"
"244","4AMEE004.90",2022,6,"TR | TM","TR",NA,20,20,20,100,100,100,50,100,100,100,100,100,100,100,100,"FLAG"
"245","4AMEE019.49",2022,2,"RB","RB",NA,2,2,2,100,100,100,50,100,100,100,100,100,100,100,100,"FLAG"
"246","4AMEY007.76",2021,4,"RB","RB",NA,4,4,4,100,100,100,50,100,100,100,100,100,100,100,100,"FLAG"
"247","4AMHH004.54",2021,4,"FP","FP",NA,4,4,4,100,100,100,50,100,100,100,100,100,100,100,100,"FLAG"
"248","4AMKE000.22",2021,2,"RB","RB",NA,2,2,2,100,100,100,50,100,100,100,100,100,100,100,100,"FLAG"
"249","4AMRR000.02",2021,12,"IM","IM",NA,17,17,17,100,100,100,47.0588235294118,100,100,100,100,100,100,100,100,"FLAG"
"250","4AMRR000.02",2022,5,"IM","IM",NA,17,17,17,100,100,100,47.0588235294118,100,100,100,100,100,100,100,100,"FLAG"
"251","4AMRY003.58",2022,2,"RB","RB",NA,2,2,2,100,100,100,50,100,100,100,100,100,100,100,100,"FLAG"
"252","4AMSN000.67",2021,24,"AW","AW",NA,24,24,24,100,91.6666666666667,100,50,100,100,100,100,100,100,100,100,"FLAG"
"253","4ANMR002.60",2021,12,"TR","TR",NA,17,17,17,100,100,100,52.9411764705882,100,100,100,100,100,100,100,100,"FLAG"
"254","4ANMR002.60",2022,5,"TR","TR",NA,17,17,17,100,100,100,52.9411764705882,100,100,100,100,100,100,100,100,"FLAG"
"255","4ANOT001.06",2021,12,"IM","IM",NA,12,12,12,100,100,100,50,100,100,100,100,100,100,100,100,"FLAG"
"256","4ANOT007.64",2022,4,"FP","FP",NA,4,4,4,50,50,50,25,50,50,50,50,50,50,50,50,"FLAG"
"257","4APGG003.29",2021,12,"TR","TR",NA,18,18,18,88.8888888888889,88.8888888888889,88.8888888888889,44.4444444444444,88.8888888888889,88.8888888888889,88.8888888888889,88.8888888888889,88.8888888888889,88.8888888888889,88.8888888888889,88.8888888888889,"FLAG"
"258","4APGG003.29",2022,6,"TR","TR",NA,18,18,18,88.8888888888889,88.8888888888889,88.8888888888889,44.4444444444444,88.8888888888889,88.8888888888889,88.8888888888889,88.8888888888889,88.8888888888889,88.8888888888889,88.8888888888889,88.8888888888889,"FLAG"
"259","4APGG008.87",2021,12,"TR","TR",NA,18,18,18,100,100,100,50,100,100,100,100,100,100,100,100,"FLAG"
"260","4APGG008.87",2022,6,"TR","TR",NA,18,18,18,100,100,100,50,100,100,100,100,100,100,100,100,"FLAG"
"261","4APGG052.01",2021,12,"TR","TR",NA,18,18,18,88.8888888888889,88.8888888888889,88.8888888888889,44.4444444444444,88.8888888888889,88.8888888888889,88.8888888888889,88.8888888888889,88.8888888888889,88.8888888888889,88.8888888888889,88.8888888888889,"FLAG"
"262","4APGG052.01",2022,6,"TR","TR",NA,18,18,18,88.8888888888889,88.8888888888889,88.8888888888889,44.4444444444444,88.8888888888889,88.8888888888889,88.8888888888889,88.8888888888889,88.8888888888889,88.8888888888889,88.8888888888889,88.8888888888889,"FLAG"
"263","4APOP000.85",2021,2,"RB","RB",NA,2,2,2,100,100,100,50,100,100,100,100,100,100,100,100,"FLAG"
"264","4APOW000.69",2021,4,"RB","RB",NA,4,4,4,100,100,100,50,100,100,100,100,100,100,100,100,"FLAG"
"265","4APRN000.29",2022,2,"RB","RB",NA,2,2,2,100,100,100,50,100,100,100,100,100,100,100,100,"FLAG"
"266","4APRS008.76",2021,24,"AW","AW",NA,29,29,29,100,100,100,51.7241379310345,100,100,100,100,100,100,100,100,"FLAG"
"267","4APRS008.76",2022,5,"IM","IM",NA,29,29,29,100,100,100,51.7241379310345,100,100,100,100,100,100,100,100,"FLAG"
"268","4APRS012.73",2021,4,"FP","FP",NA,4,4,4,100,100,100,50,100,100,100,100,100,100,100,100,"FLAG"
"269","4ARBC005.44",2022,10,"AW","AW",NA,10,10,10,100,100,100,50,100,100,100,100,100,100,100,100,"FLAG"
"270","4ARCC008.86",2021,4,"RB","RB",NA,4,4,4,100,100,100,50,100,100,100,100,100,100,100,100,"FLAG"
"271","4ARDD002.09",2021,4,"RB","RB",NA,4,4,4,100,100,100,50,100,100,100,100,100,100,100,100,"FLAG"
"272","4ARNF013.66",2021,12,"TR","TR",NA,18,18,18,100,100,100,50,100,100,100,100,100,100,100,100,"FLAG"
"273","4ARNF013.66",2022,6,"TR","TR",NA,18,18,18,100,100,100,50,100,100,100,100,100,100,100,100,"FLAG"
"274","4AROA000.00",2021,80,"RL","RL",NA,145,145,145,58.6206896551724,58.6206896551724,58.6206896551724,29.6551724137931,58.6206896551724,58.6206896551724,58.6206896551724,58.6206896551724,58.6206896551724,58.6206896551724,58.6206896551724,58.6206896551724,"FLAG"
"275","4AROA000.00",2022,65,"RL","RL",NA,145,145,145,58.6206896551724,58.6206896551724,58.6206896551724,29.6551724137931,58.6206896551724,58.6206896551724,58.6206896551724,58.6206896551724,58.6206896551724,58.6206896551724,58.6206896551724,58.6206896551724,"FLAG"
"276","4AROA004.54",2021,94,"RL","RL",NA,159,159,159,62.2641509433962,62.2641509433962,62.2641509433962,31.4465408805031,62.2641509433962,62.2641509433962,62.2641509433962,62.2641509433962,62.2641509433962,62.2641509433962,62.2641509433962,62.2641509433962,"FLAG"
"277","4AROA004.54",2022,65,"RL","RL",NA,159,159,159,62.2641509433962,62.2641509433962,62.2641509433962,31.4465408805031,62.2641509433962,62.2641509433962,62.2641509433962,62.2641509433962,62.2641509433962,62.2641509433962,62.2641509433962,62.2641509433962,"FLAG"
"278","4AROA008.66",2021,108,"RL","RL",NA,173,173,173,63.0057803468208,63.0057803468208,63.0057803468208,31.7919075144509,63.0057803468208,63.0057803468208,63.0057803468208,63.0057803468208,63.0057803468208,63.0057803468208,63.0057803468208,63.0057803468208,"FLAG"
"279","4AROA008.66",2022,65,"RL","RL",NA,173,173,173,63.0057803468208,63.0057803468208,63.0057803468208,31.7919075144509,63.0057803468208,63.0057803468208,63.0057803468208,63.0057803468208,63.0057803468208,63.0057803468208,63.0057803468208,63.0057803468208,"FLAG"
"280","4AROA012.08",2021,14,"TR","TR",NA,18,18,18,100,100,100,50,100,100,100,100,100,100,100,100,"FLAG"
"281","4AROA012.08",2022,4,"TR","TR",NA,18,18,18,100,100,100,50,100,100,100,100,100,100,100,100,"FLAG"
"282","4AROA018.36",2021,338,"RL","RL",NA,512,512,512,67.1875,67.1875,67.1875,33.59375,67.1875,67.1875,67.1875,67.1875,67.1875,67.1875,67.1875,67.1875,"FLAG"
"283","4AROA018.36",2022,174,"RL","RL",NA,512,512,512,67.1875,67.1875,67.1875,33.59375,67.1875,67.1875,67.1875,67.1875,67.1875,67.1875,67.1875,67.1875,"FLAG"
"284","4AROA022.52",2021,304,"RL","RL",NA,466,466,466,66.5236051502146,66.5236051502146,66.5236051502146,33.2618025751073,66.5236051502146,66.5236051502146,66.5236051502146,66.5236051502146,66.5236051502146,66.5236051502146,66.5236051502146,66.5236051502146,"FLAG"
"285","4AROA022.52",2022,162,"RL","RL",NA,466,466,466,66.5236051502146,66.5236051502146,66.5236051502146,33.2618025751073,66.5236051502146,66.5236051502146,66.5236051502146,66.5236051502146,66.5236051502146,66.5236051502146,66.5236051502146,66.5236051502146,"FLAG"
"286","4AROA028.04",2021,248,"RL","RL",NA,392,392,392,53.0612244897959,53.0612244897959,53.0612244897959,26.530612244898,53.0612244897959,53.0612244897959,53.0612244897959,53.0612244897959,53.0612244897959,53.0612244897959,53.0612244897959,53.0612244897959,"FLAG"
"287","4AROA028.04",2022,144,"RL","RL",NA,392,392,392,53.0612244897959,53.0612244897959,53.0612244897959,26.530612244898,53.0612244897959,53.0612244897959,53.0612244897959,53.0612244897959,53.0612244897959,53.0612244897959,53.0612244897959,53.0612244897959,"FLAG"
"288","4AROA032.42",2021,200,"RL","RL",NA,302,302,302,47.0198675496689,47.0198675496689,47.0198675496689,23.5099337748344,47.0198675496689,47.0198675496689,47.0198675496689,47.0198675496689,47.0198675496689,47.0198675496689,47.0198675496689,47.0198675496689,"FLAG"
"289","4AROA032.42",2022,102,"RL","RL",NA,302,302,302,47.0198675496689,47.0198675496689,47.0198675496689,23.5099337748344,47.0198675496689,47.0198675496689,47.0198675496689,47.0198675496689,47.0198675496689,47.0198675496689,47.0198675496689,47.0198675496689,"FLAG"
"290","4AROA038.49",2021,114,"RL","RL",NA,192,192,192,37.5,37.5,37.5,18.75,37.5,37.5,37.5,37.5,37.5,37.5,37.5,37.5,"FLAG"
"291","4AROA038.49",2022,78,"RL","RL",NA,192,192,192,37.5,37.5,37.5,18.75,37.5,37.5,37.5,37.5,37.5,37.5,37.5,37.5,"FLAG"
"292","4AROA043.14",2021,98,"RL","RL",NA,176,176,176,31.8181818181818,31.8181818181818,31.8181818181818,15.9090909090909,31.8181818181818,31.8181818181818,31.8181818181818,31.8181818181818,31.8181818181818,31.8181818181818,31.8181818181818,31.8181818181818,"FLAG"
"293","4AROA043.14",2022,78,"RL","RL",NA,176,176,176,31.8181818181818,31.8181818181818,31.8181818181818,15.9090909090909,31.8181818181818,31.8181818181818,31.8181818181818,31.8181818181818,31.8181818181818,31.8181818181818,31.8181818181818,31.8181818181818,"FLAG"
"294","4AROA059.12",2021,12,"TR","TR",NA,18,18,18,100,100,100,50,100,100,100,100,100,100,100,100,"FLAG"
"295","4AROA059.12",2022,6,"TR","TR",NA,18,18,18,100,100,100,50,100,100,100,100,100,100,100,100,"FLAG"
"296","4AROA067.91",2021,12,"TR","TR",NA,18,18,18,100,100,100,50,100,100,100,100,100,100,100,100,"FLAG"
"297","4AROA067.91",2022,6,"TR","TR",NA,18,18,18,100,100,100,50,100,100,100,100,100,100,100,100,"FLAG"
"298","4AROA075.60",2021,2,"FP","FP",NA,2,2,2,100,100,100,50,100,100,100,100,100,100,100,100,"FLAG"
"299","4AROA097.46",2021,12,"TR","TR",NA,18,18,18,100,100,100,50,100,100,100,100,100,100,100,100,"FLAG"
"300","4AROA097.46",2022,6,"TR","TR",NA,18,18,18,100,100,100,50,100,100,100,100,100,100,100,100,"FLAG"
"301","4AROA102.05",2021,2,"FP","FP",NA,2,2,2,100,100,100,50,100,100,100,100,100,100,100,100,"FLAG"
"302","4AROA124.59",2021,24,"AW","AW",NA,24,24,24,100,100,100,50,100,100,100,100,100,100,100,100,"FLAG"
"303","4AROA129.55",2021,12,"TR","TR",NA,18,18,18,100,100,100,50,100,100,100,100,100,100,100,100,"FLAG"
"304","4AROA129.55",2022,6,"TR","TR",NA,18,18,18,100,100,100,50,100,100,100,100,100,100,100,100,"FLAG"
"305","4AROA140.66",2021,236,"RL","RL",NA,320,320,320,75,75,75,37.5,75,75,75,75,75,75,75,75,"FLAG"
"306","4AROA140.66",2022,84,"RL","RL",NA,320,320,320,75,75,75,37.5,75,75,75,75,75,75,75,75,"FLAG"
"307","4AROA145.34",2021,216,"RL","RL",NA,278,278,278,78.4172661870504,78.4172661870504,78.4172661870504,39.2086330935252,78.4172661870504,78.4172661870504,78.4172661870504,78.4172661870504,78.4172661870504,78.4172661870504,78.4172661870504,78.4172661870504,"FLAG"
"308","4AROA145.34",2022,62,"RL","RL",NA,278,278,278,78.4172661870504,78.4172661870504,78.4172661870504,39.2086330935252,78.4172661870504,78.4172661870504,78.4172661870504,78.4172661870504,78.4172661870504,78.4172661870504,78.4172661870504,78.4172661870504,"FLAG"
"309","4AROA158.22",2021,492,"RL","RL",NA,656,656,656,67.6829268292683,67.6829268292683,67.6829268292683,33.8414634146341,67.6829268292683,67.6829268292683,67.6829268292683,67.6829268292683,67.6829268292683,67.6829268292683,67.6829268292683,67.6829268292683,"FLAG"
"310","4AROA158.22",2022,164,"RL","RL",NA,656,656,656,67.6829268292683,67.6829268292683,67.6829268292683,33.8414634146341,67.6829268292683,67.6829268292683,67.6829268292683,67.6829268292683,67.6829268292683,67.6829268292683,67.6829268292683,67.6829268292683,"FLAG"
"311","4AROA163.76",2021,500,"RL","RL",NA,664,664,664,67.4698795180723,67.4698795180723,67.4698795180723,33.7349397590361,67.4698795180723,67.4698795180723,67.4698795180723,67.4698795180723,67.4698795180723,67.4698795180723,67.4698795180723,67.4698795180723,"FLAG"
"312","4AROA163.76",2022,164,"RL","RL",NA,664,664,664,67.4698795180723,67.4698795180723,67.4698795180723,33.7349397590361,67.4698795180723,67.4698795180723,67.4698795180723,67.4698795180723,67.4698795180723,67.4698795180723,67.4698795180723,67.4698795180723,"FLAG"
"313","4AROA167.34",2021,424,"RL","RL",NA,588,588,588,63.9455782312925,63.9455782312925,63.9455782312925,31.9727891156463,63.9455782312925,63.9455782312925,63.9455782312925,63.9455782312925,63.9455782312925,63.9455782312925,63.9455782312925,63.9455782312925,"FLAG"
"314","4AROA167.34",2022,164,"RL","RL",NA,588,588,588,63.9455782312925,63.9455782312925,63.9455782312925,31.9727891156463,63.9455782312925,63.9455782312925,63.9455782312925,63.9455782312925,63.9455782312925,63.9455782312925,63.9455782312925,63.9455782312925,"FLAG"
"315","4AROA175.63",2021,418,"RL","RL",NA,634,634,634,55.205047318612,55.205047318612,55.205047318612,27.602523659306,55.205047318612,55.205047318612,55.205047318612,55.205047318612,55.205047318612,55.205047318612,55.205047318612,55.205047318612,"FLAG"
"316","4AROA175.63",2022,216,"RL","RL",NA,634,634,634,55.205047318612,55.205047318612,55.205047318612,27.602523659306,55.205047318612,55.205047318612,55.205047318612,55.205047318612,55.205047318612,55.205047318612,55.205047318612,55.205047318612,"FLAG"
"317","4AROA180.21",2021,390,"RL","RL",NA,588,588,588,61.5646258503401,61.5646258503401,61.5646258503401,30.7823129251701,61.5646258503401,61.5646258503401,61.5646258503401,61.5646258503401,61.5646258503401,61.5646258503401,61.5646258503401,61.5646258503401,"FLAG"
"318","4AROA180.21",2022,198,"RL","RL",NA,588,588,588,61.5646258503401,61.5646258503401,61.5646258503401,30.7823129251701,61.5646258503401,61.5646258503401,61.5646258503401,61.5646258503401,61.5646258503401,61.5646258503401,61.5646258503401,61.5646258503401,"FLAG"
"319","4AROA183.64",2021,306,"RL","RL",NA,462,462,462,59.7402597402597,59.7402597402597,59.7402597402597,29.8701298701299,59.7402597402597,59.7402597402597,59.7402597402597,59.7402597402597,59.7402597402597,59.7402597402597,59.7402597402597,59.7402597402597,"FLAG"
"320","4AROA183.64",2022,156,"RL","RL",NA,462,462,462,59.7402597402597,59.7402597402597,59.7402597402597,29.8701298701299,59.7402597402597,59.7402597402597,59.7402597402597,59.7402597402597,59.7402597402597,59.7402597402597,59.7402597402597,59.7402597402597,"FLAG"
"321","4AROA185.54",2021,454,"RL","RL",NA,700,700,700,36.5714285714286,36.5714285714286,36.5714285714286,18.2857142857143,36.5714285714286,36.5714285714286,36.5714285714286,36.5714285714286,36.5714285714286,36.5714285714286,36.5714285714286,36.5714285714286,"FLAG"
"322","4AROA185.54",2022,246,"RL","RL",NA,700,700,700,36.5714285714286,36.5714285714286,36.5714285714286,18.2857142857143,36.5714285714286,36.5714285714286,36.5714285714286,36.5714285714286,36.5714285714286,36.5714285714286,36.5714285714286,36.5714285714286,"FLAG"
"323","4AROA192.94",2021,56,"RL","RL",NA,86,86,86,67.4418604651163,67.4418604651163,67.4418604651163,33.7209302325581,67.4418604651163,67.4418604651163,67.4418604651163,67.4418604651163,67.4418604651163,67.4418604651163,67.4418604651163,67.4418604651163,"FLAG"
"324","4AROA192.94",2022,30,"RL","RL",NA,86,86,86,67.4418604651163,67.4418604651163,67.4418604651163,33.7209302325581,67.4418604651163,67.4418604651163,67.4418604651163,67.4418604651163,67.4418604651163,67.4418604651163,67.4418604651163,67.4418604651163,"FLAG"
"325","4AROA195.60",2021,48,"RL","RL",NA,78,78,78,56.4102564102564,56.4102564102564,56.4102564102564,28.2051282051282,56.4102564102564,56.4102564102564,56.4102564102564,56.4102564102564,56.4102564102564,56.4102564102564,56.4102564102564,56.4102564102564,"FLAG"
"326","4AROA195.60",2022,30,"RL","RL",NA,78,78,78,56.4102564102564,56.4102564102564,56.4102564102564,28.2051282051282,56.4102564102564,56.4102564102564,56.4102564102564,56.4102564102564,56.4102564102564,56.4102564102564,56.4102564102564,56.4102564102564,"FLAG"
"327","4AROA198.08",2021,22,"TM","TM",NA,37,37,37,94.5945945945946,94.5945945945946,94.5945945945946,48.6486486486487,94.5945945945946,94.5945945945946,94.5945945945946,94.5945945945946,94.5945945945946,94.5945945945946,94.5945945945946,94.5945945945946,"FLAG"
"328","4AROA198.08",2022,15,"TM | SS","TM",NA,37,37,37,94.5945945945946,94.5945945945946,94.5945945945946,48.6486486486487,94.5945945945946,94.5945945945946,94.5945945945946,94.5945945945946,94.5945945945946,94.5945945945946,94.5945945945946,94.5945945945946,"FLAG"
"329","4AROA199.20",2021,16,"TR | FP","TR",NA,18,18,18,44.4444444444444,44.4444444444444,44.4444444444444,22.2222222222222,44.4444444444444,44.4444444444444,44.4444444444444,44.4444444444444,44.4444444444444,44.4444444444444,44.4444444444444,44.4444444444444,"FLAG"
"330","4AROA199.20",2022,2,"TR","TR",NA,18,18,18,44.4444444444444,44.4444444444444,44.4444444444444,22.2222222222222,44.4444444444444,44.4444444444444,44.4444444444444,44.4444444444444,44.4444444444444,44.4444444444444,44.4444444444444,44.4444444444444,"FLAG"
"331","4AROA202.20",2021,24,"TR | RB | TM","TR",NA,31,31,31,93.5483870967742,93.5483870967742,93.5483870967742,48.3870967741936,93.5483870967742,93.5483870967742,93.5483870967742,93.5483870967742,93.5483870967742,93.5483870967742,93.5483870967742,93.5483870967742,"FLAG"
"332","4AROA202.20",2022,7,"TR | TM","TR",NA,31,31,31,93.5483870967742,93.5483870967742,93.5483870967742,48.3870967741936,93.5483870967742,93.5483870967742,93.5483870967742,93.5483870967742,93.5483870967742,93.5483870967742,93.5483870967742,93.5483870967742,"FLAG"
"333","4AROA202.67",2021,2,"TM","TM",NA,4,4,4,100,100,100,50,100,100,100,100,100,100,100,100,"FLAG"
"334","4AROA202.67",2022,2,"TM","TM",NA,4,4,4,100,100,100,50,100,100,100,100,100,100,100,100,"FLAG"
"335","4AROA206.95",2021,4,"RB","RB",NA,4,4,4,100,100,100,50,100,100,100,100,100,100,100,100,"FLAG"
"336","4AROA212.17",2021,4,"RB","RB",NA,4,4,4,100,100,100,50,100,100,100,100,100,100,100,100,"FLAG"
"337","4AROA215.13",2021,4,"RB","RB",NA,4,4,4,100,100,100,50,100,100,100,100,100,100,100,100,"FLAG"
"338","4AROA216.75",2021,8,"FP | RB","FP",NA,10,10,10,80,80,80,40,80,80,80,80,80,80,80,80,"FLAG"
"339","4AROA216.75",2022,2,"RB","RB",NA,10,10,10,80,80,80,40,80,80,80,80,80,80,80,80,"FLAG"
"340","4AROA217.38",2021,4,"RB","RB",NA,6,6,6,100,100,100,50,100,100,100,100,100,100,100,100,"FLAG"
"341","4AROA217.38",2022,2,"RB","RB",NA,6,6,6,100,100,100,50,100,100,100,100,100,100,100,100,"FLAG"
"342","4AROA218.11",2021,4,"RB","RB",NA,6,6,6,100,100,100,50,100,100,100,100,100,100,100,100,"FLAG"
"343","4AROA218.11",2022,2,"RB","RB",NA,6,6,6,100,100,100,50,100,100,100,100,100,100,100,100,"FLAG"
"344","4AROA219.08",2021,4,"RB","RB",NA,6,6,6,100,100,100,50,100,100,100,100,100,100,100,100,"FLAG"
"345","4AROA219.08",2022,2,"RB","RB",NA,6,6,6,100,100,100,50,100,100,100,100,100,100,100,100,"FLAG"
"346","4AROA224.54",2021,2,"RB","RB",NA,2,2,2,100,100,100,50,100,100,100,100,100,100,100,100,"FLAG"
"347","4AROA225.49",2022,4,"SS","SS",NA,4,4,4,100,100,100,50,100,100,100,100,100,100,100,100,"FLAG"
"348","4AROA227.42",2021,28,"TR | AW","TR",NA,34,34,34,100,100,100,50,100,100,100,100,100,100,100,100,"FLAG"
"349","4AROA227.42",2022,6,"TR","TR",NA,34,34,34,100,100,100,50,100,100,100,100,100,100,100,100,"FLAG"
"350","4ARSF003.73",2022,2,"FP","FP",NA,2,2,2,100,100,100,50,100,100,100,100,100,100,100,100,"FLAG"
"351","4ARSF014.02",2021,22,"AW","AW",NA,22,22,22,100,100,90.9090909090909,50,100,100,100,100,100,100,100,100,"FLAG"
"352","4ARSL003.20",2021,22,"AW","AW",NA,22,22,22,100,100,100,50,100,100,100,100,100,100,100,100,"FLAG"
"353","4ASBA004.54",2021,24,"AW","AW",NA,24,24,24,100,100,100,50,100,100,100,100,100,100,100,100,"FLAG"
"354","4ASCE000.26",2021,24,"AW","AW",NA,24,24,24,91.6666666666667,91.6666666666667,91.6666666666667,45.8333333333333,91.6666666666667,91.6666666666667,91.6666666666667,91.6666666666667,91.6666666666667,91.6666666666667,91.6666666666667,91.6666666666667,"FLAG"
"355","4ASEE003.16",2021,14,"IM | RB","IM",NA,14,14,14,100,100,100,50,100,100,100,100,100,100,100,100,"FLAG"
"356","4ASEN000.40",2022,8,"AW","AW",NA,8,8,8,100,100,100,50,100,100,100,100,100,100,100,100,"FLAG"
"357","4ASKS005.54",2022,2,"RB","RB",NA,2,2,2,100,100,100,50,100,100,100,100,100,100,100,100,"FLAG"
"358","4ASMR004.14",2021,12,"IM","IM",NA,17,17,17,100,100,100,52.9411764705882,100,100,100,100,100,100,100,100,"FLAG"
"359","4ASMR004.14",2022,5,"IM","IM",NA,17,17,17,100,100,100,52.9411764705882,100,100,100,100,100,100,100,100,"FLAG"
"360","4ASMR016.09",2021,12,"TR","TR",NA,17,17,17,100,100,100,52.9411764705882,100,100,100,100,100,100,100,100,"FLAG"
"361","4ASMR016.09",2022,5,"TR","TR",NA,17,17,17,100,100,100,52.9411764705882,100,100,100,100,100,100,100,100,"FLAG"
"362","4ASNA000.20",2021,24,"AW","AW",NA,24,24,24,100,100,100,50,100,100,100,100,100,100,100,100,"FLAG"
"363","4ASNA007.82",2022,4,"FP","FP",NA,4,4,4,50,50,50,25,50,50,50,50,50,50,50,50,"FLAG"
"364","4ASNA015.30",2022,10,"AW","AW",NA,10,10,10,100,100,100,50,100,100,100,100,100,100,100,100,"FLAG"
"365","4ASNE001.84",2021,4,"FP","FP",NA,4,4,4,100,100,100,50,100,100,100,100,100,100,100,100,"FLAG"
"366","4ASNW000.60",2021,12,"TR","TR",NA,18,18,18,100,100,100,50,100,100,100,100,100,100,100,100,"FLAG"
"367","4ASNW000.60",2022,6,"TR","TR",NA,18,18,18,100,100,100,50,100,100,100,100,100,100,100,100,"FLAG"
"368","4ASRE007.90",2021,12,"TR","TR",NA,17,17,17,100,100,100,47.0588235294118,100,100,100,100,100,100,100,100,"FLAG"
"369","4ASRE007.90",2022,5,"TR","TR",NA,17,17,17,100,100,100,47.0588235294118,100,100,100,100,100,100,100,100,"FLAG"
"370","4ASRE015.43",2021,12,"IM","IM",NA,19,19,19,100,100,100,47.3684210526316,100,100,100,100,100,100,100,100,"FLAG"
"371","4ASRE015.43",2022,7,"IM | TM","IM",NA,19,19,19,100,100,100,47.3684210526316,100,100,100,100,100,100,100,100,"FLAG"
"372","4ASRE019.00",2021,2,"RB","RB",NA,4,4,4,100,100,100,50,100,100,100,100,100,100,100,100,"FLAG"
"373","4ASRE019.00",2022,2,"TM","TM",NA,4,4,4,100,100,100,50,100,100,100,100,100,100,100,100,"FLAG"
"374","4ASRE021.58",2021,12,"IM","IM",NA,17,17,17,100,100,100,47.0588235294118,100,100,100,100,100,100,100,100,"FLAG"
"375","4ASRE021.58",2022,5,"IM","IM",NA,17,17,17,100,100,100,47.0588235294118,100,100,100,100,100,100,100,100,"FLAG"
"376","4ASRE022.30",2021,2,"RB","RB",NA,4,4,4,100,100,100,50,100,100,100,100,100,100,100,100,"FLAG"
"377","4ASRE022.30",2022,2,"TM","TM",NA,4,4,4,100,100,100,50,100,100,100,100,100,100,100,100,"FLAG"
"378","4ASRE024.30",2021,2,"RB","RB",NA,9,9,9,100,100,100,44.4444444444444,100,100,100,100,100,100,100,100,"FLAG"
"379","4ASRE024.30",2022,7,"TM","TM",NA,9,9,9,100,100,100,44.4444444444444,100,100,100,100,100,100,100,100,"FLAG"
"380","4ASRE033.19",2021,14,"TR | RB","TR",NA,19,19,19,100,100,100,47.3684210526316,100,100,100,100,100,100,100,100,"FLAG"
"381","4ASRE033.19",2022,5,"TR","TR",NA,19,19,19,100,100,100,47.3684210526316,100,100,100,100,100,100,100,100,"FLAG"
"382","4ASRE043.54",2021,12,"TR","TR",NA,17,17,17,100,100,100,47.0588235294118,100,100,100,100,100,100,100,100,"FLAG"
"383","4ASRE043.54",2022,5,"TR","TR",NA,17,17,17,100,100,100,47.0588235294118,100,100,100,100,100,100,100,100,"FLAG"
"384","4ASRE063.69",2022,2,"FP","FP",NA,2,2,2,100,100,100,50,100,100,100,100,100,100,100,100,"FLAG"
"385","4ASRE075.69",2021,12,"TR","TR",NA,17,17,17,100,100,100,52.9411764705882,100,100,100,100,100,100,100,100,"FLAG"
"386","4ASRE075.69",2022,5,"TR","TR",NA,17,17,17,100,100,100,52.9411764705882,100,100,100,100,100,100,100,100,"FLAG"
"387","4ASRN005.14",2021,56,"RL","RL",NA,90,90,90,66.6666666666667,66.6666666666667,66.6666666666667,33.3333333333333,66.6666666666667,66.6666666666667,66.6666666666667,66.6666666666667,66.6666666666667,66.6666666666667,66.6666666666667,66.6666666666667,"FLAG"
"388","4ASRN005.14",2022,34,"RL","RL",NA,90,90,90,66.6666666666667,66.6666666666667,66.6666666666667,33.3333333333333,66.6666666666667,66.6666666666667,66.6666666666667,66.6666666666667,66.6666666666667,66.6666666666667,66.6666666666667,66.6666666666667,"FLAG"
"389","4ASRV000.20",2021,12,"TR","TR",NA,16,16,16,100,100,100,50,100,100,100,100,100,100,100,100,"FLAG"
"390","4ASRV000.20",2022,4,"TR","TR",NA,16,16,16,100,100,100,50,100,100,100,100,100,100,100,100,"FLAG"
"391","4ASRV015.06",2022,2,"RB","RB",NA,2,2,2,100,100,100,50,100,100,100,100,100,100,100,100,"FLAG"
"392","4ASSC002.98",2021,22,"AW","AW",NA,22,22,22,100,100,100,50,100,100,100,100,100,100,100,100,"FLAG"
"393","4ASSP002.44",2021,24,"AW","AW",NA,24,24,24,100,100,100,50,100,100,100,100,100,100,100,100,"FLAG"
"394","4ASYC002.02",2021,24,"AW","AW",NA,24,24,24,100,100,100,50,100,100,100,100,100,100,100,100,"FLAG"
"395","4ATCC001.17",2021,4,"FP","FP",NA,4,4,4,100,100,100,50,100,100,100,100,100,100,100,100,"FLAG"
"396","4ATCC003.71",2021,24,"AW","AW",NA,24,24,24,100,100,100,50,100,100,100,100,100,100,100,100,"FLAG"
"397","4ATEL001.02",2021,18,"IM | TR | TM","IM",NA,26,26,26,92.3076923076923,92.3076923076923,92.3076923076923,46.1538461538462,92.3076923076923,92.3076923076923,92.3076923076923,92.3076923076923,92.3076923076923,92.3076923076923,92.3076923076923,92.3076923076923,"FLAG"
"398","4ATEL001.02",2022,8,"TR | TM","TR",NA,26,26,26,92.3076923076923,92.3076923076923,92.3076923076923,46.1538461538462,92.3076923076923,92.3076923076923,92.3076923076923,92.3076923076923,92.3076923076923,92.3076923076923,92.3076923076923,92.3076923076923,"FLAG"
"399","4ATIP006.36",2022,4,"FP","FP",NA,4,4,4,50,50,50,25,50,50,50,50,50,50,50,50,"FLAG"
"400","4ATKR000.69",2021,12,"TR","TR",NA,19,19,19,100,100,100,52.6315789473684,100,100,100,100,100,100,100,100,"FLAG"
"401","4ATKR000.69",2022,7,"TR | TM","TR",NA,19,19,19,100,100,100,52.6315789473684,100,100,100,100,100,100,100,100,"FLAG"
"402","4ATKR002.26",2021,4,"RB","RB",NA,4,4,4,100,100,100,50,100,100,100,100,100,100,100,100,"FLAG"
"403","4ATKR009.30",2021,16,"IM | RB","IM",NA,21,21,21,100,100,100,52.3809523809524,100,100,100,100,100,100,100,100,"FLAG"
"404","4ATKR009.30",2022,5,"IM","IM",NA,21,21,21,100,100,100,52.3809523809524,100,100,100,100,100,100,100,100,"FLAG"
"405","4ATKR016.01",2021,12,"IM","IM",NA,17,17,17,88.2352941176471,88.2352941176471,88.2352941176471,47.0588235294118,88.2352941176471,88.2352941176471,88.2352941176471,88.2352941176471,88.2352941176471,88.2352941176471,88.2352941176471,88.2352941176471,"FLAG"
"406","4ATKR016.01",2022,5,"IM","IM",NA,17,17,17,88.2352941176471,88.2352941176471,88.2352941176471,47.0588235294118,88.2352941176471,88.2352941176471,88.2352941176471,88.2352941176471,88.2352941176471,88.2352941176471,88.2352941176471,88.2352941176471,"FLAG"
"407","4ATMA001.46",2021,12,"TR","TR",NA,18,18,18,100,100,100,50,100,100,100,100,100,100,100,100,"FLAG"
"408","4ATMA001.46",2022,6,"TR","TR",NA,18,18,18,100,100,100,50,100,100,100,100,100,100,100,100,"FLAG"
"409","4ATRB001.36",2022,2,"RB","RB",NA,2,2,2,100,100,100,50,100,100,100,100,100,100,100,100,"FLAG"
"410","4ATRD000.04",2022,2,"RB","RB",NA,2,2,2,100,100,100,50,100,100,100,100,100,100,100,100,"FLAG"
"411","4ATRR001.92",2021,12,"IM","IM",NA,16,16,16,100,100,100,50,100,100,100,100,100,100,100,100,"FLAG"
"412","4ATRR001.92",2022,4,"IM","IM",NA,16,16,16,100,100,100,50,100,100,100,100,100,100,100,100,"FLAG"
"413","4ATWN000.22",2021,24,"AW","AW",NA,24,24,24,100,100,100,50,100,100,100,100,100,100,100,100,"FLAG"
"414","4ATWT000.32",2021,24,"AW","AW",NA,24,24,24,100,100,100,50,100,100,100,100,100,100,100,100,"FLAG"
"415","4AWFC002.12",2021,12,"TR","TR",NA,18,18,18,100,100,100,50,100,100,100,100,100,100,100,100,"FLAG"
"416","4AWFC002.12",2022,6,"TR","TR",NA,18,18,18,100,100,100,50,100,100,100,100,100,100,100,100,"FLAG"
"417","4AWLF000.09",2021,4,"TM","TM",NA,4,4,4,100,100,100,50,100,100,100,100,100,100,100,100,"FLAG"
"418","4AWNN000.99",2021,12,"IM","IM",NA,16,16,16,100,100,100,50,100,100,100,100,100,100,100,100,"FLAG"
"419","4AWNN000.99",2022,4,"IM","IM",NA,16,16,16,100,100,100,50,100,100,100,100,100,100,100,100,"FLAG"
"420","4AWOR000.34",2021,2,"AW","AW",NA,4,4,4,100,100,100,50,100,100,100,100,100,100,100,100,"FLAG"
"421","4AWOR000.34",2022,2,"TM","TM",NA,4,4,4,100,100,100,50,100,100,100,100,100,100,100,100,"FLAG"
"422","4AWRN000.43",2021,24,"AW","AW",NA,24,24,24,100,100,100,50,100,100,100,100,100,100,100,100,"FLAG"
"423","4AWTH000.40",2021,480,"RL","RL",NA,644,644,644,63.6645962732919,63.6645962732919,63.6645962732919,31.832298136646,63.6645962732919,63.6645962732919,63.6645962732919,63.6645962732919,63.6645962732919,63.6645962732919,63.6645962732919,63.6645962732919,"FLAG"
"424","4AWTH000.40",2022,164,"RL","RL",NA,644,644,644,63.6645962732919,63.6645962732919,63.6645962732919,31.832298136646,63.6645962732919,63.6645962732919,63.6645962732919,63.6645962732919,63.6645962732919,63.6645962732919,63.6645962732919,63.6645962732919,"FLAG"
"425","4AXCN000.31",2021,4,"RB","RB",NA,6,6,6,100,100,100,50,100,100,100,100,100,100,100,100,"FLAG"
"426","4AXCN000.31",2022,2,"RB","RB",NA,6,6,6,100,100,100,50,100,100,100,100,100,100,100,100,"FLAG"
"427","4AXCN000.61",2021,4,"RB","RB",NA,4,4,4,100,100,100,50,100,100,100,100,100,100,100,100,"FLAG"
"428","4AXML000.01",2021,12,"TR","TR",NA,18,18,18,88.8888888888889,88.8888888888889,88.8888888888889,44.4444444444444,88.8888888888889,88.8888888888889,88.8888888888889,88.8888888888889,88.8888888888889,88.8888888888889,88.8888888888889,88.8888888888889,"FLAG"
"429","4AXML000.01",2022,6,"TR","TR",NA,18,18,18,88.8888888888889,88.8888888888889,88.8888888888889,44.4444444444444,88.8888888888889,88.8888888888889,88.8888888888889,88.8888888888889,88.8888888888889,88.8888888888889,88.8888888888889,88.8888888888889,"FLAG"
"430","4AXOL000.94",2022,2,"FP","FP",NA,2,2,2,100,100,100,50,100,100,100,100,100,100,100,100,"FLAG"
"431","4AXUO000.49",2021,4,"TM","TM",NA,6,6,6,100,100,100,50,100,100,100,100,100,100,100,100,"FLAG"
"432","4AXUO000.49",2022,2,"TM","TM",NA,6,6,6,100,100,100,50,100,100,100,100,100,100,100,100,"FLAG"
"433","4AXVO000.50",2021,4,"RB","RB",NA,6,6,6,100,100,100,50,100,100,100,100,100,100,100,100,"FLAG"
"434","4AXVO000.50",2022,2,"RB","RB",NA,6,6,6,100,100,100,50,100,100,100,100,100,100,100,100,"FLAG"
"435","4AXWO000.30",2021,4,"FP","FP",NA,4,4,4,100,100,100,50,100,100,100,100,100,100,100,100,"FLAG"
"436","9-BCK015.98",2021,24,"AW","AW",NA,24,24,24,100,100,91.6666666666667,50,100,100,100,100,100,100,100,100,"FLAG"
"437","9-BSH000.05",2021,24,"AW","AW",NA,24,24,24,100,100,91.6666666666667,50,100,100,100,100,100,100,100,100,"FLAG"
"438","9-CBC001.00",2021,2,"RB","RB",NA,8,8,8,100,100,100,50,100,100,100,100,100,100,100,100,"FLAG"
"439","9-CBC001.00",2022,6,"IM","IM",NA,8,8,8,100,100,100,50,100,100,100,100,100,100,100,100,"FLAG"
"440","9-CBC004.38",2021,2,"RB","RB",NA,2,2,2,100,100,100,50,100,100,100,100,100,100,100,100,"FLAG"
"441","9-CBC006.35",2021,2,"RB","RB",NA,2,2,2,100,100,100,50,100,100,100,100,100,100,100,100,"FLAG"
"442","9-CNL000.06",2021,12,"TM","TM",NA,12,12,12,100,100,83.3333333333333,50,100,100,100,100,100,100,100,100,"FLAG"
"443","9-DDW000.47",2021,4,"FP","FP",NA,4,4,4,100,100,100,50,100,100,100,100,100,100,100,100,"FLAG"
"444","9-LRV000.44",2021,87,"RL","RL",NA,111,111,111,90.990990990991,90.990990990991,90.990990990991,45.945945945946,90.990990990991,90.990990990991,90.990990990991,90.990990990991,90.990990990991,90.990990990991,90.990990990991,90.990990990991,"FLAG"
"445","9-LRV000.44",2022,24,"RL","RL",NA,111,111,111,90.990990990991,90.990990990991,90.990990990991,45.945945945946,90.990990990991,90.990990990991,90.990990990991,90.990990990991,90.990990990991,90.990990990991,90.990990990991,90.990990990991,"FLAG"
"446","9-LRV009.11",2021,12,"TR","TR",NA,18,18,18,100,100,100,50,100,100,100,100,100,100,100,100,"FLAG"
"447","9-LRV009.11",2022,6,"TR","TR",NA,18,18,18,100,100,100,50,100,100,100,100,100,100,100,100,"FLAG"
"448","9-LRV065.57",2021,28,"AW | RB","AW",NA,30,30,30,100,100,93.3333333333333,50,100,100,100,100,100,100,100,100,"FLAG"
"449","9-LRV065.57",2022,2,"RB","RB",NA,30,30,30,100,100,93.3333333333333,50,100,100,100,100,100,100,100,100,"FLAG"
"450","9-LRY007.02",2021,4,"RB","RB",NA,4,4,4,100,100,100,50,100,100,100,100,100,100,100,100,"FLAG"
"451","9-LWF001.30",2021,4,"RB","RB",NA,6,6,6,100,100,100,50,100,100,100,100,100,100,100,100,"FLAG"
"452","9-LWF001.30",2022,2,"RB","RB",NA,6,6,6,100,100,100,50,100,100,100,100,100,100,100,100,"FLAG"
"453","9-LWF004.55",2021,24,"AW","AW",NA,24,24,24,91.6666666666667,91.6666666666667,83.3333333333333,45.8333333333333,91.6666666666667,91.6666666666667,91.6666666666667,91.6666666666667,91.6666666666667,91.6666666666667,91.6666666666667,91.6666666666667,"FLAG"
"454","9-NEW030.15",2021,28,"TR | AW | HF","TR",NA,34,34,34,100,100,100,50,100,100,100,100,100,100,100,100,"FLAG"
"455","9-NEW030.15",2022,6,"TR","TR",NA,34,34,34,100,100,100,50,100,100,100,100,100,100,100,100,"FLAG"
"456","9-NEW056.72",2021,20,"AW | HF","AW",NA,20,20,20,100,100,100,50,100,100,100,100,100,100,100,100,"FLAG"
"457","9-NEW066.90",2021,38,"TR | AW | HF","TR",NA,48,48,48,95.8333333333333,95.8333333333333,95.8333333333333,47.9166666666667,95.8333333333333,95.8333333333333,95.8333333333333,95.8333333333333,95.8333333333333,95.8333333333333,95.8333333333333,95.8333333333333,"FLAG"
"458","9-NEW066.90",2022,10,"TR | SS","TR",NA,48,48,48,95.8333333333333,95.8333333333333,95.8333333333333,47.9166666666667,95.8333333333333,95.8333333333333,95.8333333333333,95.8333333333333,95.8333333333333,95.8333333333333,95.8333333333333,95.8333333333333,"FLAG"
"459","9-NEW070.80",2021,3,"FP","FP",NA,3,3,3,66.6666666666667,66.6666666666667,66.6666666666667,33.3333333333333,66.6666666666667,66.6666666666667,66.6666666666667,66.6666666666667,66.6666666666667,66.6666666666667,66.6666666666667,66.6666666666667,"FLAG"
"460","9-NEW081.72",2021,32,"TR | AW | HF","TR",NA,38,38,38,100,100,94.7368421052632,50,100,100,100,100,100,100,100,100,"FLAG"
"461","9-NEW081.72",2022,6,"TR","TR",NA,38,38,38,100,100,94.7368421052632,50,100,100,100,100,100,100,100,100,"FLAG"
"462","9-NEW087.14",2021,514,"RL","RL",NA,678,678,678,69.9115044247788,69.6165191740413,69.9115044247788,34.9557522123894,69.9115044247788,69.9115044247788,69.9115044247788,69.9115044247788,69.9115044247788,69.9115044247788,69.9115044247788,69.9115044247788,"FLAG"
"463","9-NEW087.14",2022,164,"RL","RL",NA,678,678,678,69.9115044247788,69.6165191740413,69.9115044247788,34.9557522123894,69.9115044247788,69.9115044247788,69.9115044247788,69.9115044247788,69.9115044247788,69.9115044247788,69.9115044247788,69.9115044247788,"FLAG"
"464","9-NEW089.34",2021,442,"RL","RL",NA,586,586,586,67.9180887372014,67.9180887372014,67.9180887372014,33.9590443686007,67.9180887372014,67.9180887372014,67.9180887372014,67.9180887372014,67.9180887372014,67.9180887372014,67.9180887372014,67.9180887372014,"FLAG"
"465","9-NEW089.34",2022,144,"RL","RL",NA,586,586,586,67.9180887372014,67.9180887372014,67.9180887372014,33.9590443686007,67.9180887372014,67.9180887372014,67.9180887372014,67.9180887372014,67.9180887372014,67.9180887372014,67.9180887372014,67.9180887372014,"FLAG"
"466","9-NEW092.66",2021,446,"RL","RL",NA,590,590,590,68.8135593220339,68.8135593220339,68.8135593220339,34.4067796610169,68.8135593220339,68.8135593220339,68.8135593220339,68.8135593220339,68.8135593220339,68.8135593220339,68.8135593220339,68.8135593220339,"FLAG"
"467","9-NEW092.66",2022,144,"RL","RL",NA,590,590,590,68.8135593220339,68.8135593220339,68.8135593220339,34.4067796610169,68.8135593220339,68.8135593220339,68.8135593220339,68.8135593220339,68.8135593220339,68.8135593220339,68.8135593220339,68.8135593220339,"FLAG"
"468","9-NEW098.32",2021,176,"TR | RL","TR",NA,246,246,246,59.349593495935,59.349593495935,59.349593495935,29.6747967479675,59.349593495935,59.349593495935,59.349593495935,59.349593495935,59.349593495935,59.349593495935,59.349593495935,59.349593495935,"FLAG"
"469","9-NEW098.32",2022,70,"TR | RL","TR",NA,246,246,246,59.349593495935,59.349593495935,59.349593495935,29.6747967479675,59.349593495935,59.349593495935,59.349593495935,59.349593495935,59.349593495935,59.349593495935,59.349593495935,59.349593495935,"FLAG"
"470","9-NEW107.51",2021,6,"TR","TR",NA,9,9,9,100,100,100,100,100,100,100,100,100,100,100,100,"FLAG"
"471","9-NEW107.51",2022,3,"TR","TR",NA,9,9,9,100,100,100,100,100,100,100,100,100,100,100,100,"FLAG"
"472","9-PKC000.00",2021,384,"RL","RL",NA,508,508,508,65.3543307086614,65.3543307086614,65.3543307086614,32.6771653543307,65.3543307086614,65.3543307086614,65.3543307086614,65.3543307086614,65.3543307086614,65.3543307086614,65.3543307086614,65.3543307086614,"FLAG"
"473","9-PKC000.00",2022,124,"RL","RL",NA,508,508,508,65.3543307086614,65.3543307086614,65.3543307086614,32.6771653543307,65.3543307086614,65.3543307086614,65.3543307086614,65.3543307086614,65.3543307086614,65.3543307086614,65.3543307086614,65.3543307086614,"FLAG"
"474","9-PKC004.16",2021,70,"RL","RL",NA,94,94,94,65.9574468085106,65.9574468085106,65.9574468085106,32.9787234042553,65.9574468085106,65.9574468085106,65.9574468085106,65.9574468085106,65.9574468085106,65.9574468085106,65.9574468085106,65.9574468085106,"FLAG"
"475","9-PKC004.16",2022,24,"RL","RL",NA,94,94,94,65.9574468085106,65.9574468085106,65.9574468085106,32.9787234042553,65.9574468085106,65.9574468085106,65.9574468085106,65.9574468085106,65.9574468085106,65.9574468085106,65.9574468085106,65.9574468085106,"FLAG"
"476","9-PKC007.80",2021,12,"TR","TR",NA,20,20,20,100,100,100,50,100,100,100,100,100,100,100,100,"FLAG"
"477","9-PKC007.80",2022,8,"TR | FP","TR",NA,20,20,20,100,100,100,50,100,100,100,100,100,100,100,100,"FLAG"
"478","9-PKC009.29",2022,2,"RB","RB",NA,2,2,2,100,100,100,50,100,100,100,100,100,100,100,100,"FLAG"
"479","9-PKC011.11",2022,2,"RB","RB",NA,2,2,2,100,100,100,50,100,100,100,100,100,100,100,100,"FLAG"
"480","9-PLM000.60",2021,12,"TM","TM",NA,12,12,12,100,100,83.3333333333333,50,100,100,100,100,100,100,100,100,"FLAG"
"481","9-PTY001.72",2021,2,"RB","RB",NA,2,2,2,100,100,100,50,100,100,100,100,100,100,100,100,"FLAG"
"482","9-RHC001.17",2021,4,"RB","RB",NA,4,4,4,100,100,100,50,100,100,100,100,100,100,100,100,"FLAG"
"483","9-SNK012.06",2021,12,"TM","TM",NA,12,12,12,100,100,83.3333333333333,50,100,100,100,100,100,100,100,100,"FLAG"
"484","9-STE002.41",2021,12,"TR","TR",NA,18,18,18,100,100,100,50,100,100,100,100,100,100,100,100,"FLAG"
"485","9-STE002.41",2022,6,"TR","TR",NA,18,18,18,100,100,100,50,100,100,100,100,100,100,100,100,"FLAG"
"486","9-TOM011.83",2021,12,"TM","TM",NA,12,12,12,100,100,66.6666666666667,50,100,100,100,100,100,100,100,100,"FLAG"
"487","9-WFC000.20",2021,28,"TR | AW","TR",NA,34,34,34,100,100,100,50,100,100,100,100,100,100,100,100,"FLAG"
"488","9-WFC000.20",2022,6,"TR","TR",NA,34,34,34,100,100,100,50,100,100,100,100,100,100,100,100,"FLAG"
"489","9-WLK004.34",2021,12,"TR","TR",NA,18,18,18,100,100,100,50,100,100,100,100,100,100,100,100,"FLAG"
"490","9-WLK004.34",2022,6,"TR","TR",NA,18,18,18,100,100,100,50,100,100,100,100,100,100,100,100,"FLAG"
"491","9-WLT000.14",2022,2,"FP","FP",NA,2,2,2,100,100,100,50,100,100,100,100,100,100,100,100,"FLAG"
"492","9-XFZ000.08",2022,2,"FP","FP",NA,2,2,2,100,100,100,50,100,100,100,100,100,100,100,100,"FLAG"
